{"cameraMode":{"drawMode":0,"name":"Shaded","section":"Shading Mode"},"sceneLighting":true,"audioPlay":false,"sceneViewState":{"m_AlwaysRefresh":false,"showFog":true,"showSkybox":true,"showFlares":true,"showImageEffects":true,"showParticleSystems":true,"showVisualEffectGraphs":true,"m_FxEnabled":true},"in2DMode":false,"pivot":{"x":0.21000003814697267,"y":3.5200002193450929,"z":26.65999984741211},"rotation":{"x":-0.009377488866448403,"y":0.9826947450637817,"z":-0.17761164903640748,"w":-0.051888320595026019},"size":4.263499736785889,"orthographic":false}